Al,"30/03/2026"
 
Ticker dell'emittente,Nome,Type,Settore,Asset Class,Valore di mercato,Ponderazione (%),Valore nozionale,Nominale,Prezzo,Area Geografica,Cambio,Valuta di mercato
"RTX","RTX CORP","EQUITY","Industriali","Azionario","118.617.541,50","7,59","118.617.541,50","633.810,00","187,15","Stati Uniti","New York Stock Exchange Inc.","USD"
"BA","BOEING","EQUITY","Industriali","Azionario","115.515.353,94","7,39","115.515.353,94","610.514,00","189,21","Stati Uniti","New York Stock Exchange Inc.","USD"
"GE","GE AEROSPACE","EQUITY","Industriali","Azionario","110.395.459,25","7,06","110.395.459,25","404.009,00","273,25","Stati Uniti","New York Stock Exchange Inc.","USD"
"RR.","ROLLS-ROYCE HOLDINGS PLC","EQUITY","Industriali","Azionario","95.692.825,76","6,12","95.692.825,76","6.552.445,00","14,60","Regno unito","London Stock Exchange","GBP"
"LMT","LOCKHEED MARTIN CORP","EQUITY","Industriali","Azionario","94.213.122,29","6,03","94.213.122,29","157.397,00","598,57","Stati Uniti","New York Stock Exchange Inc.","USD"
"NOC","NORTHROP GRUMMAN CORP","EQUITY","Industriali","Azionario","72.197.268,18","4,62","72.197.268,18","107.502,00","671,59","Stati Uniti","New York Stock Exchange Inc.","USD"
"AIR","AIRBUS GROUP","EQUITY","Industriali","Azionario","70.295.627,96","4,50","70.295.627,96","385.165,00","182,51","Francia","Nyse Euronext - Euronext Paris","EUR"
"GD","GENERAL DYNAMICS CORP","EQUITY","Industriali","Azionario","70.158.778,09","4,49","70.158.778,09","205.871,00","340,79","Stati Uniti","New York Stock Exchange Inc.","USD"
"HWM","HOWMET AEROSPACE INC","EQUITY","Industriali","Azionario","69.841.582,95","4,47","69.841.582,95","313.205,00","222,99","Stati Uniti","New York Stock Exchange Inc.","USD"
"BA.","BAE SYSTEMS PLC","EQUITY","Industriali","Azionario","68.459.723,85","4,38","68.459.723,85","2.432.895,00","28,14","Regno unito","London Stock Exchange","GBP"
"SAF","SAFRAN SA","EQUITY","Industriali","Azionario","67.375.386,32","4,31","67.375.386,32","214.153,00","314,61","Francia","Nyse Euronext - Euronext Paris","EUR"
"RHM","RHEINMETALL AG","EQUITY","Industriali","Azionario","60.308.210,11","3,86","60.308.210,11","37.318,00","1.616,07","Germania","Xetra","EUR"
"TDG","TRANSDIGM GROUP INC","EQUITY","Industriali","Azionario","51.899.498,56","3,32","51.899.498,56","45.812,00","1.132,88","Stati Uniti","New York Stock Exchange Inc.","USD"
"LHX","L3HARRIS TECHNOLOGIES INC","EQUITY","Industriali","Azionario","51.504.154,02","3,30","51.504.154,02","151.514,00","339,93","Stati Uniti","New York Stock Exchange Inc.","USD"
"AXON","AXON ENTERPRISE INC","EQUITY","Industriali","Azionario","26.569.460,84","1,70","26.569.460,84","64.012,00","415,07","Stati Uniti","NASDAQ","USD"
"012450","HANWHA AEROSPACE LTD","EQUITY","Industriali","Azionario","23.025.805,05","1,47","23.025.805,05","26.683,00","862,94","Corea","Korea Exchange (Stock Market)","KRW"
"RKLB","ROCKET LAB CORP","EQUITY","Industriali","Azionario","21.876.469,28","1,40","21.876.469,28","381.256,00","57,38","Stati Uniti","NASDAQ","USD"
"HO","THALES SA","EQUITY","Industriali","Azionario","20.738.351,19","1,33","20.738.351,19","73.497,00","282,17","Francia","Nyse Euronext - Euronext Paris","EUR"
"LDO","LEONARDO FINMECCANICA SPA","EQUITY","Industriali","Azionario","20.724.115,26","1,33","20.724.115,26","324.743,00","63,82","Italia","Borsa Italiana","EUR"
"CW","CURTISS WRIGHT CORP","EQUITY","Industriali","Azionario","18.945.366,44","1,21","18.945.366,44","29.974,00","632,06","Stati Uniti","New York Stock Exchange Inc.","USD"
"ESLT","ELBIT SYSTEMS LTD","EQUITY","Industriali","Azionario","18.205.395,27","1,16","18.205.395,27","21.739,00","837,45","Israele","Tel Aviv Stock Exchange","ILS"
"WWD","WOODWARD INC","EQUITY","Industriali","Azionario","16.516.248,72","1,06","16.516.248,72","48.361,00","341,52","Stati Uniti","NASDAQ","USD"
"SAAB B","SAAB CLASS B","EQUITY","Industriali","Azionario","16.127.670,17","1,03","16.127.670,17","254.639,00","63,34","Svezia","Nasdaq Omx Nordic","SEK"
"MTX","MTU AERO ENGINES HOLDING AG","EQUITY","Industriali","Azionario","14.981.553,34","0,96","14.981.553,34","43.789,00","342,13","Germania","Xetra","EUR"
"CRS","CARPENTER TECHNOLOGY CORP","EQUITY","Industriali","Azionario","14.951.475,72","0,96","14.951.475,72","40.332,00","370,71","Stati Uniti","New York Stock Exchange Inc.","USD"
"ATI","ATI INC","EQUITY","Industriali","Azionario","14.911.639,50","0,95","14.911.639,50","110.049,00","135,50","Stati Uniti","New York Stock Exchange Inc.","USD"
"KOG","KONGSBERG GRUPPEN","EQUITY","Industriali","Azionario","14.521.304,66","0,93","14.521.304,66","356.774,00","40,70","Norvegia","Oslo Bors Asa","NOK"
"BWXT","BWX TECHNOLOGIES INC","EQUITY","Industriali","Azionario","14.253.338,05","0,91","14.253.338,05","74.395,00","191,59","Stati Uniti","New York Stock Exchange Inc.","USD"
"HEIA","HEICO CORP CLASS A","EQUITY","Industriali","Azionario","12.866.668,88","0,82","12.866.668,88","62.801,00","204,88","Stati Uniti","New York Stock Exchange Inc.","USD"
"TXT","TEXTRON INC","EQUITY","Industriali","Azionario","12.143.187,90","0,78","12.143.187,90","141.282,00","85,95","Stati Uniti","New York Stock Exchange Inc.","USD"
"BBD.B","BOMBARDIER INC CLASS B","EQUITY","Industriali","Azionario","11.802.136,12","0,76","11.802.136,12","70.794,00","166,71","Canada","Toronto Stock Exchange","CAD"
"HII","HUNTINGTON INGALLS INDUSTRIES INC","EQUITY","Industriali","Azionario","11.787.307,96","0,75","11.787.307,96","31.937,00","369,08","Stati Uniti","New York Stock Exchange Inc.","USD"
"S63","SINGAPORE TECHNOLOGIES ENGINEERING","EQUITY","Industriali","Azionario","10.561.217,07","0,68","10.561.217,07","1.242.700,00","8,50","Singapore","Singapore Exchange","SGD"
"KTOS","KRATOS DEFENSE AND SECURITY SOLUTI","EQUITY","Industriali","Azionario","9.787.038,72","0,63","9.787.038,72","149.924,00","65,28","Stati Uniti","NASDAQ","USD"
"HEI","HEICO CORP","EQUITY","Industriali","Azionario","8.663.503,80","0,55","8.663.503,80","32.690,00","265,02","Stati Uniti","New York Stock Exchange Inc.","USD"
"047810","KOREA AEROSPACE INDUSTRIES LTD","EQUITY","Industriali","Azionario","6.729.067,59","0,43","6.729.067,59","58.551,00","114,93","Corea","Korea Exchange (Stock Market)","KRW"
"CAE","CAE INC","EQUITY","Industriali","Azionario","6.677.272,80","0,43","6.677.272,80","261.760,00","25,51","Canada","Toronto Stock Exchange","CAD"
"MOGA","MOOG INC CLASS A","EQUITY","Industriali","Azionario","6.574.406,48","0,42","6.574.406,48","23.164,00","283,82","Stati Uniti","New York Stock Exchange Inc.","USD"
"MRO","MELROSE INDUSTRIES PLC","EQUITY","Industriali","Azionario","6.185.715,45","0,40","6.185.715,45","951.224,00","6,50","Regno unito","London Stock Exchange","GBP"
"BAB","BABCOCK INTERNATIONAL GROUP PLC","EQUITY","Industriali","Azionario","6.179.606,99","0,40","6.179.606,99","407.135,00","15,18","Regno unito","London Stock Exchange","GBP"
"AM","DASSAULT AVIATION SA","EQUITY","Industriali","Azionario","5.261.166,19","0,34","5.261.166,19","14.651,00","359,10","Francia","Nyse Euronext - Euronext Paris","EUR"
"079550","LIG NEX1 LTD","EQUITY","Industriali","Azionario","4.911.411,51","0,31","4.911.411,51","10.852,00","452,58","Corea","Korea Exchange (Stock Market)","KRW"
"272210","HANWHA SYSTEMS LTD","EQUITY","Industriali","Azionario","4.761.030,71","0,30","4.761.030,71","59.789,00","79,63","Corea","Korea Exchange (Stock Market)","KRW"
"HXL","HEXCEL CORP","EQUITY","Industriali","Azionario","4.742.734,76","0,30","4.742.734,76","61.546,00","77,06","Stati Uniti","New York Stock Exchange Inc.","USD"
"KRMN","KARMAN HOLDINGS INC","EQUITY","Industriali","Azionario","4.655.300,40","0,30","4.655.300,40","62.220,00","74,82","Stati Uniti","New York Stock Exchange Inc.","USD"
"AVAV","AEROVIRONMENT INC","EQUITY","Industriali","Azionario","4.588.655,13","0,29","4.588.655,13","25.929,00","176,97","Stati Uniti","NASDAQ","USD"
"HAG","HENSOLDT AG","EQUITY","Industriali","Azionario","3.975.181,61","0,25","3.975.181,61","48.901,00","81,29","Germania","Xetra","EUR"
"SARO","STANDARDAERO","EQUITY","Industriali","Azionario","3.871.799,62","0,25","3.871.799,62","153.521,00","25,22","Stati Uniti","New York Stock Exchange Inc.","USD"
"VSEC","VSE CORP","EQUITY","Industriali","Azionario","3.863.208,57","0,25","3.863.208,57","23.361,00","165,37","Stati Uniti","NASDAQ","USD"
"AIR","AAR CORP","EQUITY","Industriali","Azionario","3.265.736,12","0,21","3.265.736,12","31.657,00","103,16","Stati Uniti","New York Stock Exchange Inc.","USD"
"MRCY","MERCURY SYSTEMS INC","EQUITY","Industriali","Azionario","3.007.053,84","0,19","3.007.053,84","43.044,00","69,86","Stati Uniti","NASDAQ","USD"
"DRS","LEONARDO DRS INC","EQUITY","Industriali","Azionario","2.718.132,75","0,17","2.718.132,75","62.847,00","43,25","Stati Uniti","NASDAQ","USD"
"ACHR","ARCHER AVIATION INC CLASS A","EQUITY","Industriali","Azionario","2.475.458,70","0,16","2.475.458,70","501.105,00","4,94","Stati Uniti","New York Stock Exchange Inc.","USD"
"MDA","MDA SPACE LTD","EQUITY","Industriali","Azionario","2.427.248,89","0,16","2.427.248,89","102.951,00","23,58","Canada","Toronto Stock Exchange","CAD"
"QQ.","QINETIQ GROUP PLC","EQUITY","Industriali","Azionario","2.220.767,83","0,14","2.220.767,83","379.646,00","5,85","Regno unito","London Stock Exchange","GBP"
"DRO","DRONESHIELD LTD","EQUITY","Industriali","Azionario","1.982.688,49","0,13","1.982.688,49","739.671,00","2,68","Australia","Asx - All Markets","AUD"
"EXENS","EXOSENS SA","EQUITY","Industriali","Azionario","1.721.789,27","0,11","1.721.789,27","25.324,00","67,99","Francia","Nyse Euronext - Euronext Paris","EUR"
"ATRO","ASTRONICS CORP","EQUITY","Industriali","Azionario","1.604.615,36","0,10","1.604.615,36","25.748,00","62,32","Stati Uniti","NASDAQ","USD"
"LOAR","LOAR HOLDINGS INC","EQUITY","Industriali","Azionario","1.603.368,90","0,10","1.603.368,90","29.015,00","55,26","Stati Uniti","New York Stock Exchange Inc.","USD"
"LUNR","INTUITIVE MACHINES INC CLASS A","EQUITY","Industriali","Azionario","1.489.419,60","0,10","1.489.419,60","91.096,00","16,35","Stati Uniti","NASDAQ","USD"
"CHG","CHEMRING GROUP PLC","EQUITY","Industriali","Azionario","1.434.526,00","0,09","1.434.526,00","222.267,00","6,45","Regno unito","London Stock Exchange","GBP"
"DCO","DUCOMMUN INC","EQUITY","Industriali","Azionario","1.306.718,90","0,08","1.306.718,90","11.159,00","117,10","Stati Uniti","New York Stock Exchange Inc.","USD"
"USD","USD CASH","CASH","Liquidità e/o derivati","Contanti","1.267.312,15","0,08","1.267.312,15","1.267.312,00","100,00","Stati Uniti","-","USD"
"BSEN","BET SHEMESH ENGINES HOLDINGS LTD","EQUITY","Industriali","Azionario","1.198.847,59","0,08","1.198.847,59","5.512,00","217,50","Israele","Tel Aviv Stock Exchange","ILS"
"VVX","V2X INC","EQUITY","Industriali","Azionario","1.117.731,55","0,07","1.117.731,55","16.705,00","66,91","Stati Uniti","New York Stock Exchange Inc.","USD"
"EXA","EXAIL TECHNOLOGIES SA","EQUITY","Industriali","Azionario","1.027.009,78","0,07","1.027.009,78","7.669,00","133,92","Francia","Nyse Euronext - Euronext Paris","EUR"
"AVIO","AVIO","EQUITY","Industriali","Azionario","943.435,34","0,06","943.435,34","25.594,00","36,86","Italia","Borsa Italiana","EUR"
"ASB","AUSTAL LTD","EQUITY","Industriali","Azionario","829.643,23","0,05","829.643,23","251.076,00","3,30","Australia","Asx - All Markets","AUD"
"EUR","EUR CASH","CASH","Liquidità e/o derivati","Contanti","709.298,15","0,05","709.298,15","618.637,00","114,66","Unione Europea","-","EUR"
"CDRE","CADRE HOLDINGS INC","EQUITY","Industriali","Azionario","692.428,40","0,04","692.428,40","23.560,00","29,39","Stati Uniti","New York Stock Exchange Inc.","USD"
"NPK","NATIONAL PRESTO INDUSTRIES INC","EQUITY","Industriali","Azionario","586.488,96","0,04","586.488,96","4.427,00","132,48","Stati Uniti","New York Stock Exchange Inc.","USD"
"186A","ASTROSCALE HOLDINGS INC","EQUITY","Industriali","Azionario","552.830,41","0,04","552.830,41","96.600,00","5,72","Giappone","Tokyo Stock Exchange","JPY"
"099320","SATREC INITIATIVE LTD","EQUITY","Industriali","Azionario","511.597,82","0,03","511.597,82","4.396,00","116,38","Corea","Korea Exchange (Kosdaq)","KRW"
"RDW","REDWIRE CORP","EQUITY","Industriali","Azionario","488.389,95","0,03","488.389,95","63.345,00","7,71","Stati Uniti","New York Stock Exchange Inc.","USD"
"MILDEF","MILDEF GROUP","EQUITY","Industriali","Azionario","477.129,16","0,03","477.129,16","34.875,00","13,68","Svezia","Nasdaq Omx Nordic","SEK"
"464A","QPS HOLDINGS INC","EQUITY","Industriali","Azionario","395.755,16","0,03","395.755,16","29.600,00","13,37","Giappone","Tokyo Stock Exchange","JPY"
"9348","ISPACE INC","EQUITY","Industriali","Azionario","289.470,02","0,02","289.470,02","99.100,00","2,92","Giappone","Tokyo Stock Exchange","JPY"
"003570","SNT DYNAMICS LTD","EQUITY","Industriali","Azionario","189.383,14","0,01","189.383,14","5.770,00","32,82","Corea","Korea Exchange (Stock Market)","KRW"
"MLIFT","CASH COLLATERAL USD MLIFT","CASH","Liquidità e/o derivati","Cash Collateral and Margins","157.000,00","0,01","157.000,00","157.000,00","100,00","Stati Uniti","-","USD"
"BYRN","BYRNA TECHNOLOGIES INC","EQUITY","Industriali","Azionario","153.273,15","0,01","153.273,15","17.319,00","8,85","Stati Uniti","NASDAQ","USD"
"KRW","KRW CASH","CASH","Liquidità e/o derivati","Contanti","134.464,29","0,01","134.464,29","203.814.240,00","0,07","Corea","-","KRW"
"GBP","GBP CASH","CASH","Liquidità e/o derivati","Contanti","119.517,33","0,01","119.517,33","90.554,00","131,99","Regno unito","-","GBP"
"SEK","SEK CASH","CASH","Liquidità e/o derivati","Contanti","103.029,13","0,01","103.029,13","983.516,00","10,48","Svezia","-","SEK"
"NOK","NOK CASH","CASH","Liquidità e/o derivati","Contanti","53.030,44","0,00","53.030,44","518.296,00","10,23","Norvegia","-","NOK"
"AUD","AUD CASH","CASH","Liquidità e/o derivati","Contanti","48.311,53","0,00","48.311,53","70.471,00","68,56","Australia","-","AUD"
"CAD","CAD CASH","CASH","Liquidità e/o derivati","Contanti","46.621,08","0,00","46.621,08","64.899,00","71,84","Canada","-","CAD"
"JPY","JPY CASH","CASH","Liquidità e/o derivati","Contanti","41.529,72","0,00","41.529,72","6.625.444,00","0,63","Giappone","-","JPY"
"SGD","SGD CASH","CASH","Liquidità e/o derivati","Contanti","39.147,94","0,00","39.147,94","50.532,00","77,47","Singapore","-","SGD"
"ILS","ILS CASH","CASH","Liquidità e/o derivati","Contanti","38.537,61","0,00","38.537,61","121.993,00","31,59","Israele","-","ILS"
"QBM6","STOXX 600 INDUS JUN 26","FUTURE","Liquidità e/o derivati","Futures","0,00","0,00","1.107.412,52","19,00","1.165,70","Unione Europea","Eurex Deutschland","EUR"
"IXIM6","XAI INDUSTRIAL JUN 26","FUTURE","Liquidità e/o derivati","Futures","0,00","0,00","1.272.720,00","8,00","1.590,90","-","Chicago Mercantile Exchange","USD"
 